{
  "project_info": {
    "project_number": "1025869560368",
    "project_id": "crudapp2-b0954",
    "storage_bucket": "crudapp2-b0954.appspot.com"
  },
  "client": [
    {
      "client_info": {
        "mobilesdk_app_id": "1:1025869560368:android:480f83b80f0468bb4bcbf5",
        "android_client_info": {
          "package_name": "com.flutter_application_2"
        }
      },
      "oauth_client": [
        {
          "client_id": "1025869560368-86lgirbdhntoqm8b1tg4eg3md5fa89lj.apps.googleusercontent.com",
          "client_type": 3
        }
      ],
      "api_key": [
        {
          "current_key": "AIzaSyBlgXDVIzpptvUXT0bd0ETA7ZBvWLqgKYQ"
        }
      ],
      "services": {
        "appinvite_service": {
          "other_platform_oauth_client": [
            {
              "client_id": "1025869560368-86lgirbdhntoqm8b1tg4eg3md5fa89lj.apps.googleusercontent.com",
              "client_type": 3
            }
          ]
        }
      }
    }
  ],
  "configuration_version": "1"
}